# rule	target_module	reason
R-private	Aiur.BuildOrder.Diagnostic	MP-R1-C8-T08: existing cross-component reference at src/lib/aiur_web/build_order/ticket_context_adapter.ex:43 (AiurWeb.BuildOrder.TicketContextAdapter.Relationship); facade tightening preserves current callers
R-private	Aiur.BuildOrder.Lifecycle	MP-R1-C8-T08: existing cross-component reference at src/lib/aiur/build_order/ticket_detail_contract.ex:101 (Aiur.BuildOrder.TicketDetail.Failure); facade tightening preserves current callers
R-private	Aiur.BuildOrder.Settings	MP-R1-C8-T08: existing cross-component reference at src/lib/aiur/build_order/ticket_detail_coordinator_options.ex:61 (Aiur.BuildOrder.TicketDetailCoordinator.Options); facade tightening preserves current callers
R-private	AiurWeb.BuildOrderPresenter	MP-R1-C8-T08: existing cross-component reference at src/lib/aiur_web/build_order/ticket_context_adapter.ex:92 (AiurWeb.BuildOrder.TicketContextAdapter.Relationship); facade tightening preserves current callers
R-private	AiurWeb.BuildOrderViewModel	MP-R1-C8-T08: existing cross-component reference at src/lib/aiur_web/build_order/ticket_context_adapter.ex:87 (AiurWeb.BuildOrder.TicketContextAdapter.Relationship); facade tightening preserves current callers
R-private	AiurWeb.BuildOrderViewModel.Capability	MP-R1-C8-T08: existing cross-component reference at src/lib/aiur_web/build_order/ticket_context_adapter.ex:205 (AiurWeb.BuildOrder.TicketContextAdapter.Relationship); facade tightening preserves current callers
R-private	AiurWeb.BuildOrderViewModel.Edge	MP-R1-C8-T08: existing cross-component reference at src/lib/aiur_web/build_order/ticket_context_adapter.ex:9 (AiurWeb.BuildOrder.TicketContextAdapter.Relationship); facade tightening preserves current callers
R-private	AiurWeb.BuildOrderViewModel.Node	MP-R1-C8-T08: existing cross-component reference at src/lib/aiur_web/build_order/ticket_context_adapter.ex:38 (AiurWeb.BuildOrder.TicketContextAdapter.Relationship); facade tightening preserves current callers
R-private	AiurWeb.BuildOrderViewModel.Relationships	MP-R1-C8-T08: existing cross-component reference at src/lib/aiur_web/build_order/ticket_context_adapter.ex:101 (AiurWeb.BuildOrder.TicketContextAdapter.Relationship); facade tightening preserves current callers
