finding_id,reviewer_a,reviewer_b,agreement
agent-backends-cc-01,narrowed,impact_unproven,reconcile
agent-backends-cc-02,source_reachable,source_reachable,agreed
agent-backends-cc-03,source_reachable,source_reachable,agreed
agent-backends-cc-04,narrowed,narrowed,agreed
agent-backends-cc-07,source_reachable,source_reachable,agreed
agent-backends-cc-08,source_reachable,source_reachable,agreed
agent-backends-oc-03,source_reachable,source_reachable,agreed
agent-backends-oc-06,impact_unproven,impact_unproven,agreed
agent-backends-oc-07,source_reachable,source_reachable,agreed
agent-backends-oc-08,source_reachable,source_reachable,agreed
agent-backends-oc-09,source_reachable,source_reachable,agreed
agent-backends-oc-10,impact_unproven,impact_unproven,agreed
agent-backends-oc-11,source_reachable,source_reachable,agreed
agent-runtime-01,narrowed,narrowed,agreed
agent-runtime-02,source_reachable,narrowed,reconcile
agent-runtime-04,source_reachable,source_reachable,agreed
agent-runtime-05,source_reachable,source_reachable,agreed
agent-runtime-07,source_reachable,source_reachable,agreed
agent-runtime-08,source_reachable,source_reachable,agreed
build-order-01,source_reachable,source_reachable,agreed
build-order-02,source_reachable,source_reachable,agreed
build-order-03,source_reachable,source_reachable,agreed
build-order-04,source_reachable,source_reachable,agreed
build-order-10,source_reachable,source_reachable,agreed
build-order-11,source_reachable,source_reachable,agreed
events-webhooks-executor-01,source_reachable,source_reachable,agreed
events-webhooks-executor-02,source_reachable,source_reachable,agreed
events-webhooks-executor-03,source_reachable,impact_unproven,reconcile
events-webhooks-executor-04,source_reachable,source_reachable,agreed
events-webhooks-executor-05,source_reachable,source_reachable,agreed
github-a-01,source_reachable,source_reachable,agreed
github-a-02,source_reachable,source_reachable,agreed
github-a-04,source_reachable,source_reachable,agreed
github-a-07,source_reachable,source_reachable,agreed
github-b-02,source_reachable,narrowed,reconcile
github-b-03,source_reachable,source_reachable,agreed
github-b-04,impact_unproven,impact_unproven,agreed
loose-1-02,source_reachable,source_reachable,agreed
loose-1-03,source_reachable,source_reachable,agreed
loose-2-02,impact_unproven,impact_unproven,agreed
loose-2-03,impact_unproven,impact_unproven,agreed
loose-2-04,source_reachable,source_reachable,agreed
loose-2-05,source_reachable,impact_unproven,reconcile
loose-2-07,source_reachable,shared_remediation,reconcile
loose-3-01,source_reachable,source_reachable,agreed
loose-3-02,impact_unproven,impact_unproven,agreed
loose-3-03,source_reachable,source_reachable,agreed
loose-3-04,impact_unproven,impact_unproven,agreed
loose-3-05,source_reachable,source_reachable,agreed
loose-3-06,source_reachable,source_reachable,agreed
loose-4-01,source_reachable,source_reachable,agreed
loose-4-02,source_reachable,source_reachable,agreed
loose-4-03,source_reachable,source_reachable,agreed
loose-4-04,source_reachable,source_reachable,agreed
loose-4-05,source_reachable,source_reachable,agreed
nonelixir-shell-02,source_reachable,source_reachable,agreed
nonelixir-shell-03,fixed,fixed,agreed
nonelixir-shell-08,source_reachable,source_reachable,agreed
orch-a-01,source_reachable,source_reachable,agreed
orch-a-04,source_reachable,source_reachable,agreed
orch-a-10,source_reachable,source_reachable,agreed
orch-b-01,source_reachable,source_reachable,agreed
orch-b-02,source_reachable,source_reachable,agreed
orch-b-08,source_reachable,source_reachable,agreed
orch-b-09,source_reachable,source_reachable,agreed
orch-b-14,source_reachable,source_reachable,agreed
platform-misc-01,source_reachable,source_reachable,agreed
platform-misc-02,source_reachable,source_reachable,agreed
platform-misc-03,narrowed,narrowed,agreed
platform-misc-04,impact_unproven,impact_unproven,agreed
platform-misc-05,impact_unproven,impact_unproven,agreed
platform-misc-06,source_reachable,source_reachable,agreed
platform-misc-07,source_reachable,source_reachable,agreed
platform-misc-08,source_reachable,source_reachable,agreed
platform-misc-09,source_reachable,source_reachable,agreed
telemetry-usage-01,source_reachable,impact_unproven,reconcile
telemetry-usage-02,narrowed,source_reachable,reconcile
telemetry-usage-03,source_reachable,source_reachable,agreed
telemetry-usage-04,source_reachable,source_reachable,agreed
telemetry-usage-05,source_reachable,source_reachable,agreed
telemetry-usage-06,source_reachable,source_reachable,agreed
tests-1a-cont-01,source_reachable,source_reachable,agreed
tests-1c-01,impact_unproven,source_reachable,reconcile
tests-2-01,source_reachable,source_reachable,agreed
tests-3-01,source_reachable,source_reachable,agreed
tests-5-01,source_reachable,impact_unproven,reconcile
web-occ-04,source_reachable,source_reachable,agreed
web-occ-05,source_reachable,source_reachable,agreed
web-occ-06,source_reachable,narrowed,reconcile
web-occ-07,source_reachable,source_reachable,agreed
web-rest-01,source_reachable,source_reachable,agreed
web-rest-02,source_reachable,impact_unproven,reconcile
web-rest-03,source_reachable,source_reachable,agreed
web-rest-08,narrowed,narrowed,agreed
