dependent,dependent_complexity,blocker,blocker_complexity,blocker_pr,blocker_pr_opened,blocker_pr_ready,blocker_pr_ready_source,blocker_pr_merged,blocker_issue_closed_completed,dependent_start,blocker_merge_to_dependent_start_h,blocker_close_to_dependent_start_h,blocker_pr_open_to_dependent_start_h,blocker_pr_open_to_merge_h
3075,3,3586,none,,,,,,,2026-10-08T06:41:07Z,,,,
3126,2,3125,2,3167,2026-10-08T09:00:59Z,2026-10-08T09:26:26Z,ready_for_review_event,2026-10-08T17:07:19Z,2026-10-08T17:07:20Z,2026-10-09T00:46:29Z,7.653,7.652,15.758,8.106
3127,3,3126,2,3587,2026-10-09T00:53:24Z,2026-10-09T01:03:01Z,ready_for_review_event,2026-10-09T01:12:04Z,2026-10-09T01:12:06Z,2026-10-09T07:21:13Z,6.152,6.152,6.464,0.311
3128,3,3125,2,3167,2026-10-08T09:00:59Z,2026-10-08T09:26:26Z,ready_for_review_event,2026-10-08T17:07:19Z,2026-10-08T17:07:20Z,2026-10-09T00:46:22Z,7.651,7.651,15.756,8.106
3130,3,3121,4,3244,2026-10-08T15:41:24Z,2026-10-08T15:51:43Z,ready_for_review_event,2026-10-08T17:05:48Z,2026-10-08T17:05:50Z,2026-10-09T10:43:09Z,17.622,17.622,19.029,1.407
3130,3,3120,3,3185,2026-10-08T09:17:23Z,2026-10-08T09:29:31Z,ready_for_review_event,2026-10-08T15:14:19Z,2026-10-08T15:14:20Z,2026-10-09T10:43:09Z,19.481,19.48,25.429,5.949
3130,3,3128,3,3636,2026-10-09T07:27:10Z,2026-10-09T07:50:52Z,ready_for_review_event,2026-10-09T10:24:34Z,2026-10-09T10:24:36Z,2026-10-09T10:43:09Z,0.31,0.309,3.266,2.957
3133,3,3118,4,,,,,,,2026-10-09T08:27:28Z,,,,
3133,3,3076,2,3640,2026-10-09T07:44:05Z,2026-10-09T07:49:50Z,ready_for_review_event,2026-10-09T08:13:07Z,2026-10-09T08:13:09Z,2026-10-09T08:27:28Z,0.239,0.239,0.723,0.484
3133,3,3072,3,3610,2026-10-09T03:23:23Z,2026-10-09T04:38:32Z,ready_for_review_event,2026-10-09T05:24:17Z,2026-10-09T05:24:19Z,2026-10-09T08:27:28Z,3.053,3.053,5.068,2.015
3133,3,3120,3,3185,2026-10-08T09:17:23Z,2026-10-08T09:29:31Z,ready_for_review_event,2026-10-08T15:14:19Z,2026-10-08T15:14:20Z,2026-10-09T08:27:28Z,17.219,17.219,23.168,5.949
3134,2,3072,3,3610,2026-10-09T03:23:23Z,2026-10-09T04:38:32Z,ready_for_review_event,2026-10-09T05:24:17Z,2026-10-09T05:24:19Z,2026-10-09T07:29:35Z,2.088,2.088,4.103,2.015
3273,2,3256,4,3515,2026-10-08T19:06:04Z,2026-10-08T19:51:46Z,ready_for_review_event,2026-10-08T20:03:00Z,2026-10-08T20:03:02Z,2026-10-08T20:11:16Z,0.138,0.137,1.087,0.949
3274,2,3255,2,3501,2026-10-08T17:46:10Z,2026-10-08T18:46:16Z,ready_for_review_event,2026-10-08T18:49:35Z,2026-10-08T18:49:36Z,2026-10-08T19:02:58Z,0.223,0.223,1.28,1.057
3275,2,3274,2,3518,2026-10-08T19:15:39Z,2026-10-08T20:43:25Z,ready_for_review_event,2026-10-08T21:17:52Z,2026-10-08T21:17:54Z,2026-10-08T21:21:34Z,0.062,0.061,2.099,2.037
3276,1,3255,2,3501,2026-10-08T17:46:10Z,2026-10-08T18:46:16Z,ready_for_review_event,2026-10-08T18:49:35Z,2026-10-08T18:49:36Z,2026-10-08T19:05:18Z,0.262,0.262,1.319,1.057
3277,2,3255,2,3501,2026-10-08T17:46:10Z,2026-10-08T18:46:16Z,ready_for_review_event,2026-10-08T18:49:35Z,2026-10-08T18:49:36Z,2026-10-08T20:42:44Z,1.886,1.886,2.943,1.057
3285,3,3256,4,3515,2026-10-08T19:06:04Z,2026-10-08T19:51:46Z,ready_for_review_event,2026-10-08T20:03:00Z,2026-10-08T20:03:02Z,2026-10-08T21:05:51Z,1.048,1.047,1.996,0.949
3296,2,3255,2,3501,2026-10-08T17:46:10Z,2026-10-08T18:46:16Z,ready_for_review_event,2026-10-08T18:49:35Z,2026-10-08T18:49:36Z,2026-10-08T21:26:25Z,2.614,2.614,3.671,1.057
3296,2,3043,2,3086,2026-10-08T06:32:37Z,2026-10-08T07:40:13Z,ready_for_review_event,2026-10-08T07:41:41Z,2026-10-08T07:41:43Z,2026-10-08T21:26:25Z,13.746,13.745,14.897,1.151
3338,3,3286,5,3735,2026-10-09T16:01:32Z,2026-10-09T16:01:57Z,ready_for_review_event,2026-10-09T16:56:17Z,2026-10-09T16:56:18Z,2026-10-08T17:17:57Z,-23.639,-23.639,-22.726,0.912
3338,3,3256,4,3515,2026-10-08T19:06:04Z,2026-10-08T19:51:46Z,ready_for_review_event,2026-10-08T20:03:00Z,2026-10-08T20:03:02Z,2026-10-08T17:17:57Z,-2.751,-2.751,-1.802,0.949
3345,3,3255,2,3501,2026-10-08T17:46:10Z,2026-10-08T18:46:16Z,ready_for_review_event,2026-10-08T18:49:35Z,2026-10-08T18:49:36Z,2026-10-08T22:06:44Z,3.286,3.286,4.343,1.057
3346,2,3255,2,3501,2026-10-08T17:46:10Z,2026-10-08T18:46:16Z,ready_for_review_event,2026-10-08T18:49:35Z,2026-10-08T18:49:36Z,2026-10-08T22:20:30Z,3.515,3.515,4.572,1.057
3347,2,3255,2,3501,2026-10-08T17:46:10Z,2026-10-08T18:46:16Z,ready_for_review_event,2026-10-08T18:49:35Z,2026-10-08T18:49:36Z,2026-10-08T22:34:34Z,3.75,3.749,4.807,1.057
3348,2,3255,2,3501,2026-10-08T17:46:10Z,2026-10-08T18:46:16Z,ready_for_review_event,2026-10-08T18:49:35Z,2026-10-08T18:49:36Z,2026-10-08T22:49:07Z,3.992,3.992,5.049,1.057
3349,2,3255,2,3501,2026-10-08T17:46:10Z,2026-10-08T18:46:16Z,ready_for_review_event,2026-10-08T18:49:35Z,2026-10-08T18:49:36Z,2026-10-08T22:49:05Z,3.992,3.991,5.049,1.057
3351,2,3255,2,3501,2026-10-08T17:46:10Z,2026-10-08T18:46:16Z,ready_for_review_event,2026-10-08T18:49:35Z,2026-10-08T18:49:36Z,2026-10-08T23:00:07Z,4.176,4.175,5.232,1.057
3369,2,3255,2,3501,2026-10-08T17:46:10Z,2026-10-08T18:46:16Z,ready_for_review_event,2026-10-08T18:49:35Z,2026-10-08T18:49:36Z,2026-10-08T19:30:42Z,0.685,0.685,1.742,1.057
3370,4,3255,2,3501,2026-10-08T17:46:10Z,2026-10-08T18:46:16Z,ready_for_review_event,2026-10-08T18:49:35Z,2026-10-08T18:49:36Z,2026-10-08T19:31:10Z,0.693,0.693,1.75,1.057
3371,3,3255,2,3501,2026-10-08T17:46:10Z,2026-10-08T18:46:16Z,ready_for_review_event,2026-10-08T18:49:35Z,2026-10-08T18:49:36Z,2026-10-08T19:31:18Z,0.695,0.695,1.752,1.057
3377,2,3306,4,3570,2026-10-08T23:41:18Z,2026-10-09T12:07:00Z,ready_for_review_event,2026-10-09T13:06:09Z,2026-10-09T13:06:10Z,2026-10-08T17:31:10Z,-19.583,-19.583,-6.169,13.414
3377,2,3255,2,3501,2026-10-08T17:46:10Z,2026-10-08T18:46:16Z,ready_for_review_event,2026-10-08T18:49:35Z,2026-10-08T18:49:36Z,2026-10-08T17:31:10Z,-1.307,-1.307,-0.25,1.057
3394,2,3255,2,3501,2026-10-08T17:46:10Z,2026-10-08T18:46:16Z,ready_for_review_event,2026-10-08T18:49:35Z,2026-10-08T18:49:36Z,2026-10-08T19:32:17Z,0.712,0.711,1.769,1.057
3402,4,3488,5,,,,,,,2026-10-08T17:33:52Z,,,,
3402,4,3275,2,3542,2026-10-08T21:38:42Z,2026-10-08T21:45:32Z,ready_for_review_event,2026-10-08T23:54:25Z,2026-10-08T23:54:27Z,2026-10-08T17:33:52Z,-6.343,-6.343,-4.081,2.262
3402,4,3373,2,3482,2026-10-08T17:39:46Z,2026-10-08T19:34:26Z,ready_for_review_event,2026-10-08T20:15:23Z,2026-10-08T20:15:25Z,2026-10-08T17:33:52Z,-2.692,-2.692,-0.098,2.594
3402,4,3255,2,3501,2026-10-08T17:46:10Z,2026-10-08T18:46:16Z,ready_for_review_event,2026-10-08T18:49:35Z,2026-10-08T18:49:36Z,2026-10-08T17:33:52Z,-1.262,-1.262,-0.205,1.057
3406,4,3255,2,3501,2026-10-08T17:46:10Z,2026-10-08T18:46:16Z,ready_for_review_event,2026-10-08T18:49:35Z,2026-10-08T18:49:36Z,2026-10-08T19:32:54Z,0.722,0.722,1.779,1.057
3409,2,3297,2,,,,,,,2026-10-08T17:36:43Z,,,,
3409,2,3294,2,3540,2026-10-08T21:18:22Z,2026-10-08T21:18:38Z,ready_for_review_event,2026-10-09T12:49:17Z,2026-10-09T12:49:18Z,2026-10-08T17:36:43Z,-19.209,-19.21,-3.694,15.515
3409,2,3373,2,3482,2026-10-08T17:39:46Z,2026-10-08T19:34:26Z,ready_for_review_event,2026-10-08T20:15:23Z,2026-10-08T20:15:25Z,2026-10-08T17:36:43Z,-2.644,-2.645,-0.051,2.594
3409,2,3255,2,3501,2026-10-08T17:46:10Z,2026-10-08T18:46:16Z,ready_for_review_event,2026-10-08T18:49:35Z,2026-10-08T18:49:36Z,2026-10-08T17:36:43Z,-1.214,-1.215,-0.158,1.057
3412,2,3255,2,3501,2026-10-08T17:46:10Z,2026-10-08T18:46:16Z,ready_for_review_event,2026-10-08T18:49:35Z,2026-10-08T18:49:36Z,2026-10-08T19:32:58Z,0.723,0.723,1.78,1.057
3450,4,3255,2,3501,2026-10-08T17:46:10Z,2026-10-08T18:46:16Z,ready_for_review_event,2026-10-08T18:49:35Z,2026-10-08T18:49:36Z,2026-10-08T19:34:40Z,0.751,0.751,1.808,1.057
3457,2,3255,2,3501,2026-10-08T17:46:10Z,2026-10-08T18:46:16Z,ready_for_review_event,2026-10-08T18:49:35Z,2026-10-08T18:49:36Z,2026-10-08T19:35:26Z,0.764,0.764,1.821,1.057
3458,2,3255,2,3501,2026-10-08T17:46:10Z,2026-10-08T18:46:16Z,ready_for_review_event,2026-10-08T18:49:35Z,2026-10-08T18:49:36Z,2026-10-08T19:36:05Z,0.775,0.775,1.832,1.057
3471,3,3466,2,,,,,,,2026-10-08T17:46:34Z,,,,
3471,3,3463,2,,,,,,,2026-10-08T17:46:34Z,,,,
