ticket,dependent,rework_cycles,error_events,prs_closed_unmerged,state,state_reason
3075,True,0,0,0,CLOSED,COMPLETED
3109,False,0,0,0,CLOSED,COMPLETED
3126,True,0,0,0,CLOSED,COMPLETED
3127,True,0,0,0,CLOSED,COMPLETED
3128,True,3,0,0,CLOSED,COMPLETED
3130,True,0,0,0,CLOSED,COMPLETED
3133,True,0,0,0,OPEN,
3134,True,0,0,0,CLOSED,COMPLETED
3273,True,0,0,0,CLOSED,COMPLETED
3274,True,1,0,0,CLOSED,COMPLETED
3275,True,0,0,0,CLOSED,COMPLETED
3276,True,2,0,0,CLOSED,COMPLETED
3277,True,0,0,0,CLOSED,COMPLETED
3285,True,1,0,0,CLOSED,COMPLETED
3296,True,0,0,0,OPEN,
3338,True,0,0,0,OPEN,
3344,False,0,0,0,OPEN,
3345,True,2,0,0,CLOSED,COMPLETED
3346,True,0,0,0,CLOSED,COMPLETED
3347,True,1,0,0,CLOSED,COMPLETED
3348,True,0,0,0,CLOSED,COMPLETED
3349,True,0,0,0,OPEN,
3351,True,5,0,0,CLOSED,COMPLETED
3369,True,0,0,0,CLOSED,COMPLETED
3370,True,0,0,0,CLOSED,COMPLETED
3371,True,0,0,0,CLOSED,COMPLETED
3373,False,1,0,0,CLOSED,COMPLETED
3377,True,0,0,0,OPEN,
3394,True,0,0,0,CLOSED,COMPLETED
3402,True,0,0,0,OPEN,
3406,True,1,0,0,CLOSED,COMPLETED
3409,True,0,0,0,OPEN,
3412,True,0,0,0,CLOSED,COMPLETED
3450,True,0,0,0,OPEN,
3457,True,0,0,0,CLOSED,COMPLETED
3458,True,2,0,0,CLOSED,COMPLETED
3471,True,0,0,0,OPEN,
3497,False,1,0,0,CLOSED,COMPLETED
